{"cameraMode":{"drawMode":0,"name":"Shaded","section":"Shading Mode"},"sceneLighting":true,"audioPlay":false,"sceneViewState":{"showFog":true,"showMaterialUpdate":false,"showSkybox":true,"showFlares":true,"showImageEffects":true,"showParticleSystems":true},"in2DMode":false,"pivot":{"x":29.88578987121582,"y":3.415653944015503,"z":6.909139633178711},"rotation":{"x":-0.15959645807743073,"y":0.324131041765213,"z":-0.05557406321167946,"w":-0.9307979345321655},"size":2.1396992206573488,"orthographic":false}