{"cameraMode":{"drawMode":0,"name":"Shaded","section":"Shading Mode"},"sceneLighting":true,"audioPlay":false,"sceneViewState":{"showFog":true,"showMaterialUpdate":false,"showSkybox":true,"showFlares":true,"showImageEffects":true,"showParticleSystems":true},"in2DMode":false,"pivot":{"x":30.364742279052736,"y":2.1017019748687746,"z":18.031448364257814},"rotation":{"x":0.10626693069934845,"y":-0.4997161030769348,"z":0.06193295121192932,"w":0.8574134707450867},"size":0.1893818974494934,"orthographic":false}