{"cameraMode":{"drawMode":0,"name":"Shaded","section":"Shading Mode"},"sceneLighting":true,"audioPlay":false,"sceneViewState":{"showFog":true,"showMaterialUpdate":false,"showSkybox":true,"showFlares":true,"showImageEffects":true,"showParticleSystems":true},"in2DMode":false,"pivot":{"x":28.683727264404298,"y":1.9714854955673218,"z":16.59157371520996},"rotation":{"x":0.002737663220614195,"y":-0.9856535792350769,"z":-0.01595659926533699,"w":-0.1680709421634674},"size":1.318162441253662,"orthographic":false}