{"cameraMode":{"drawMode":0,"name":"Shaded","section":"Shading Mode"},"sceneLighting":true,"audioPlay":false,"sceneViewState":{"showFog":true,"showMaterialUpdate":false,"showSkybox":true,"showFlares":true,"showImageEffects":true,"showParticleSystems":true},"in2DMode":false,"pivot":{"x":41.59601974487305,"y":1.6891794204711915,"z":7.274868965148926},"rotation":{"x":-0.15458591282367707,"y":-0.446380078792572,"z":0.07862025499343872,"w":-0.8778831958770752},"size":11.506153106689454,"orthographic":false}