{"cameraMode":{"drawMode":0,"name":"Shaded","section":"Shading Mode"},"sceneLighting":true,"audioPlay":false,"sceneViewState":{"showFog":true,"showMaterialUpdate":false,"showSkybox":true,"showFlares":true,"showImageEffects":true,"showParticleSystems":true},"in2DMode":false,"pivot":{"x":26.796504974365236,"y":1.8379656076431275,"z":18.197677612304689},"rotation":{"x":0.023242445662617685,"y":-0.6417778730392456,"z":0.019447537139058114,"w":0.7663059830665588},"size":0.718162477016449,"orthographic":false}